,titulo,preco,quartos,suites,banheiros,vagas,privativos,link,lat,long,numero_rua,bairro,cidade,piscina,gas_central,elevador,salao,academia
1,Apartamento 3 Quartos Fazenda 79m²,880000.0,3,1,2,2,79,https://maximoveis.com.br/imovel/12845/apartamento-3-quartos-costa-marina-fazenda-itajai/,-26.9144742,-48.6542013,"Rua Lauro Muller, 1034",Fazenda,Itajaí/SC,1,1,1,1,1
2,Apartamento 2 Quartos São João 69m²,490000.0,2,1,2,1,69,https://maximoveis.com.br/imovel/12846/apartamento-2-quartos-costa-esmeralda-sao-joao-itajai/,-26.9089983,-48.6800022,"Rua Heitor Liberato, 2150",São João,Itajaí/SC,1,0,1,1,1
3,Apartamento 2 Quartos Itaipava 49m²,255000.0,2,0,1,1,49,https://maximoveis.com.br/imovel/8174/apartamento-2-quartos-quinta-das-araucarias-itaipava-itajai/,-26.94498161028219,-48.7391997785736,"Avenida Itaipava, 3868",Itaipava,Itajaí/SC,1,0,0,1,0
4,Apartamento 3 Quartos Centro 72m²,420000.0,3,0,1,1,72,https://maximoveis.com.br/imovel/12821/apartamento-3-quartos-residencial-santa-maria-centro-itajai/,-26.9132158,-48.6650375,"Rua Luiz Berlim, 165",Centro,Itajaí/SC,0,0,0,1,0
5,Apartamento 2 Quartos Carvalho 54m²,250000.0,2,0,1,1,54,https://maximoveis.com.br/imovel/2610/apartamento-2-quartos-viva-vida-park-residence-carvalho-itajai/,-26.9385672,-48.69308460000002,"Rua Alvaro Beraldi, 400",Carvalho,Itajaí/SC,1,0,0,1,0
6,Apartamento 2 Quartos Cordeiros 57m²,310000.0,2,0,1,1,57,https://maximoveis.com.br/imovel/7218/apartamento-2-quartos-vistalegre-cordeiros-itajai/,-26.8965535,-48.708989900000006,"Rua Jaime Fernandes Vieira, 420",Cordeiros,Itajaí/SC,1,0,1,1,0
7,Apartamento 2 Quartos Centro 72m²,630000.0,2,2,3,1,72,https://maximoveis.com.br/imovel/11736/apartamento-2-quartos-manhattan-life-connection-centro-itajai/,-26.9119502,-48.6654085,"Rua Eurico Adam, 82",Centro,Itajaí/SC,1,0,1,1,1
8,Apartamento 2 Quartos Centro 83m²,770000.0,2,1,2,1,83,https://maximoveis.com.br/imovel/12837/apartamento-2-quartos-farol-de-sagres-centro-itajai/,-26.9088811,-48.6574269,"Rua Camboriú, 103",Centro,Itajaí/SC,1,0,1,1,1
9,Apartamento 3 Quartos Ressacada 81m²,700000.0,3,1,2,2,81,https://maximoveis.com.br/imovel/12849/apartamento-3-quartos-contorno-sul-ressacada-itajai/,-26.9294158,-48.68507289999999,"Avenida Vereador Abrahão João Francisco, 3820",Ressacada,Itajaí/SC,1,1,1,1,1
10,Apartamento 2 Quartos Ressacada 45m²,275000.0,2,0,1,1,45,https://maximoveis.com.br/imovel/12785/apartamento-2-quartos-parque-europeu-ressacada-itajai/,-26.9394379,-48.6906452,"Rua Alvaro Beraldi, 460",Ressacada,Itajaí/SC,0,1,1,1,0
11,Apartamento 3 Quartos São Vicente 85m²,550000.0,3,1,2,2,85,https://maximoveis.com.br/imovel/12896/apartamento-3-quartos-sao-vicente-home-club-sao-vicente-itajai/,-26.9093895,-48.694985,"Rua São Vicente, 251",São Vicente,Itajaí/SC,1,0,1,1,1
12,Apartamento 2 Quartos Itaipava 44m²,200000.0,2,0,1,1,44,https://maximoveis.com.br/imovel/12704/apartamento-2-quartos-luna-bella-itaipava-itajai/,-26.9434091,-48.7474332,"Rua Maria De Souza Gonçalves, 38",Itaipava,Itajaí/SC,1,0,0,1,0
13,Apartamento 2 Quartos Itaipava 49m²,240000.0,2,0,1,1,49,https://maximoveis.com.br/imovel/10519/apartamento-2-quartos-quinta-das-araucarias-itaipava-itajai/,-26.9438009,-48.7391063,"Avenida Itaipava, 3868",Itaipava,Itajaí/SC,1,0,0,1,0
14,Apartamento 3 Quartos Centro 88m²,470000.0,3,1,1,1,88,https://maximoveis.com.br/imovel/3994/apartamento-3-quartos-parque-das-flores-centro-itajai/,-26.9112181,-48.662647100000015,"Rua Uruguai, 233",Centro,Itajaí/SC,0,0,1,1,1
16,Apartamento 2 Quartos Espinheiros 56m²,280000.0,2,0,1,1,56,https://maximoveis.com.br/imovel/12403/apartamento-2-quartos-vitta-club-espinheiros-itajai/,-26.8962092,-48.7306507,"Rua Fermino Vieira Cordeiro, 1200",Espinheiros,Itajaí/SC,1,0,1,1,0
17,Apartamento 3 Quartos Centro 129m²,580000.0,3,2,3,1,129,https://maximoveis.com.br/imovel/2576/apartamento-3-quartos-emendorfer-centro-itajai/,-26.906711,-48.673408499999994,"Rua Heitor Liberato, 1040",Centro,Itajaí/SC,0,0,0,0,0
19,Apartamento 3 Quartos Fazenda 137m²,1300000.0,3,3,4,2,137,https://maximoveis.com.br/imovel/10130/apartamento-3-quartos-vivacita-residencial-fazenda-itajai/,-26.90715,-48.6553818,"Rua Lauro Muller, 236",Fazenda,Itajaí/SC,1,1,1,1,1
20,Apartamento 2 Quartos Cordeiros 56m²,375000.0,2,0,1,1,56,https://maximoveis.com.br/imovel/12658/apartamento-2-quartos-lago-maggiore-residenze-cordeiros-itajai/,-26.8889301,-48.6966767,"Rua São Paulo, 270",Cordeiros,Itajaí/SC,0,0,1,1,0
23,Apartamento 2 Quartos Centro 68m²,520000.0,2,1,2,1,68,https://maximoveis.com.br/imovel/5174/apartamento-2-quartos-residencial-peter-brook-centro-itajai/,-26.913588,-48.664102000000014,"Rua Juvenal Garcia, 246",Centro,Itajaí/SC,0,1,1,1,0
25,Apartamento 2 Quartos São Vicente 59m²,300000.0,2,0,1,1,59,https://maximoveis.com.br/imovel/12583/apartamento-2-quartos-condominio-residencial-victoria-sao-vicente-itajai/,-26.9105046,-48.7042688,"Rua Higina De Andrade Correa, 312",São Vicente,Itajaí/SC,0,0,0,0,0
26,Apartamento 2 Quartos Fazenda 82m²,1200000.0,2,2,3,2,82,https://maximoveis.com.br/imovel/12770/apartamento-2-quartos-lotisa-home-club-fazenda-itajai/,-26.9216521,-48.6504408,"Rua Onze De Junho, 189",Fazenda,Itajaí/SC,1,1,1,1,1
28,Apartamento 3 Quartos Fazenda 108m²,1490000.0,3,3,4,3,108,https://maximoveis.com.br/imovel/12066/apartamento-3-quartos-lotisa-home-club-fazenda-itajai/,-26.9216521,-48.6504408,"Rua Onze De Junho, 189",Fazenda,Itajaí/SC,1,1,1,1,1
29,Apartamento 2 Quartos Balneário Santa Clara 93m²,1550000.0,2,2,3,2,93,https://maximoveis.com.br/imovel/12893/apartamento-2-quartos-brava-ocean-balneario-santa-clara-itajai/,-26.9458586,-48.6426472,"Rua Cabo-Polícia Militar Antônio Rudolf, 155",Balneário Santa Clara,Itajaí/SC,1,0,1,1,1
30,Apartamento 2 Quartos Centro 55m²,430000.0,2,1,2,1,55,https://maximoveis.com.br/imovel/8349/apartamento-2-quartos-downtown-residence-centro-itajai/,-26.9147279,-48.6677721,"Rua Abércio Werner, 58",Centro,Itajaí/SC,0,0,1,1,0
31,Apartamento 2 Quartos Praia Brava 69m²,755000.0,2,0,1,1,69,https://maximoveis.com.br/imovel/12188/apartamento-2-quartos-maxhaus-praia-brava-praia-brava-itajai/,-26.9398695,-48.6415507,"Rodovia Osvaldo Reis, 2000",Praia Brava,Itajaí/SC,1,0,1,1,1
32,Apartamento 2 Quartos Cidade Nova 50m²,275000.0,2,0,1,1,50,https://maximoveis.com.br/imovel/6115/apartamento-2-quartos-residencial-portal-de-itajai-cidade-nova-itajai/,-26.9194939,-48.70439320000003,"Avenida Ministro Luiz Gallotti, 251",Cidade Nova,Itajaí/SC,1,0,0,1,0
33,Apartamento 2 Quartos São João 59m²,460000.0,2,1,1,1,59,https://maximoveis.com.br/imovel/5261/apartamento-2-quartos-fit-sao-joao-sao-joao-itajai/,-26.9029072,-48.683207400000015,"Rua José Pereira Liberato, 1637",São João,Itajaí/SC,1,0,1,1,1
34,Apartamento 2 Quartos Fazendinha 48m²,350000.0,2,0,1,1,48,https://maximoveis.com.br/imovel/12903/apartamento-2-quartos-marazul-fazendinha-itajai/,-26.9322194,-48.64816099999999,"Rua Maria Sedrez, 174",Fazendinha,Itajaí/SC,0,0,0,1,0
37,Apartamento 1 Quarto Dom Bosco 56m²,320000.0,1,0,1,1,56,https://maximoveis.com.br/imovel/3422/apartamento-1-quarto-studio-uno-dom-bosco-itajai/,-26.9171108,-48.67194330000001,"Rua Ulisses Machado Dutra, 90",Dom Bosco,Itajaí/SC,0,0,1,1,0
39,Apartamento 3 Quartos Fazenda 84m²,920000.0,3,1,2,2,84,https://maximoveis.com.br/imovel/8279/apartamento-3-quartos-opera-club-residence-fazenda-itajai/,-26.9218338,-48.6511398,"Rua Onze De Junho, 233",Fazenda,Itajaí/SC,1,0,1,1,1
40,Apartamento 3 Quartos Vila Operária 83m²,735000.0,3,1,3,2,83,https://maximoveis.com.br/imovel/11783/apartamento-3-quartos-villa-di-fiori-vila-operaria-itajai/,-26.9117731,-48.6724659,"Avenida Getúlio Vargas, 542",Vila Operária,Itajaí/SC,1,0,1,1,1
41,Apartamento 3 Quartos Centro 98m²,750000.0,3,1,2,2,98,https://maximoveis.com.br/imovel/11878/apartamento-3-quartos-amadryas-centro-itajai/,-26.9107717,-48.6562966,"Rua Camboriú, 333",Centro,Itajaí/SC,1,0,1,1,0
42,Apartamento 2 Quartos São João 67m²,626280.0,2,1,2,1,67,https://maximoveis.com.br/imovel/10834/apartamento-2-quartos-villa-mariana-sao-joao-itajai/,-26.9022382,-48.6806661,"Rua Fridolim Herthal Júnior, 235",São João,Itajaí/SC,1,0,1,1,1
44,Apartamento 3 Quartos Fazenda 144m²,2395000.0,3,3,4,2,144,https://maximoveis.com.br/imovel/9947/apartamento-3-quartos-marine-vision-fazenda-itajai/,-26.9159154,-48.6538878,"Lauro Muller, 1200",Fazenda,Itajaí/SC,1,0,1,1,1
46,Apartamento 2 Quartos Centro 59m²,460000.0,2,1,1,1,59,https://maximoveis.com.br/imovel/1797/apartamento-2-quartos-porto-do-sol-residence-centro-itajai/,-26.9067772,-48.66636440000002,"Rua Joaquim Lopes Corrêa, 239",Centro,Itajaí/SC,0,0,1,1,0
47,Apartamento 2 Quartos Itaipava 49m²,220000.0,2,0,1,1,49,https://maximoveis.com.br/imovel/10021/apartamento-2-quartos-solar-das-araucarias-itaipava-itajai/,-26.9450879,-48.7388919,"Avenida Itaipava, 3820",Itaipava,Itajaí/SC,1,0,0,1,0
48,Apartamento 2 Quartos Itaipava 49m²,220000.0,2,0,1,1,49,https://maximoveis.com.br/imovel/12899/apartamento-2-quartos-solar-das-araucarias-itaipava-itajai/,-26.9450879,-48.7388919,"Avenida Itaipava, 3820",Itaipava,Itajaí/SC,1,0,0,1,0
49,Apartamento 2 Quartos Fazenda 74m²,1000000.0,2,2,3,2,74,https://maximoveis.com.br/imovel/10571/apartamento-2-quartos-you-new-style-fazenda-itajai/,-26.9226795,-48.65146739999999,"Rua Onze De Junho, 309",Fazenda,Itajaí/SC,1,1,1,1,1
50,Apartamento 2 Quartos São Vicente 55m²,370000.0,2,1,1,1,55,https://maximoveis.com.br/imovel/9420/apartamento-2-quartos-ilha-do-mel-sao-vicente-itajai/,-26.9136054,-48.70375259999999,"Rua Israel De Almeida, 248",São Vicente,Itajaí/SC,0,0,1,1,0
51,Apartamento 3 Quartos Fazenda 92m²,1038600.0,3,1,3,2,92,https://maximoveis.com.br/imovel/2114/apartamento-3-quartos-plaza-gaudi-fazenda-itajai/,,,"Rua Camboriú, 673",Fazenda,Itajaí/SC,1,1,1,1,1
52,Apartamento 2 Quartos Fazenda 58m²,350000.0,2,0,1,1,58,https://maximoveis.com.br/imovel/4521/apartamento-2-quartos-flamboyant-fazenda-itajai/,-26.925215,-48.649355000000014,"Rodovia Osvaldo Reis, 200",Fazenda,Itajaí/SC,0,0,0,1,0
53,Apartamento 2 Quartos Fazenda 86m²,990000.0,2,2,3,1,86,https://maximoveis.com.br/imovel/12853/apartamento-2-quartos-fazenda-garden-fazenda-itajai/,-26.9200291,-48.6532217,"Avenida Sete De Setembro, 1657",Fazenda,Itajaí/SC,1,0,1,1,1
54,Apartamento 2 Quartos Murta 46m²,265000.0,2,0,1,1,46,https://maximoveis.com.br/imovel/8690/apartamento-2-quartos-marisanto-murta-itajai/,-26.873929,-48.698768,"Rua José Luiz Marcelino, 650",Murta,Itajaí/SC,1,0,0,1,1
55,Apartamento 3 Quartos Ressacada 90m²,850000.0,3,1,3,2,90,https://maximoveis.com.br/imovel/6544/apartamento-3-quartos-ecoville-ressacada-itajai/,-26.929634151632914,-48.673477325131216,"Rua Vereador Abílio Otávio Do Canto, 725",Ressacada,Itajaí/SC,1,1,1,1,1
56,Apartamento 3 Quartos São Judas 64m²,533000.0,3,0,2,1,64,https://maximoveis.com.br/imovel/9306/apartamento-3-quartos-malbec-sao-judas-itajai/,-26.9143303,-48.679275,"Rua Jacó Lamim, 218",São Judas,Itajaí/SC,1,1,1,1,0
57,Apartamento 3 Quartos Fazenda 133m²,1670000.0,3,3,4,2,133,https://maximoveis.com.br/imovel/12412/apartamento-3-quartos-nob-hill-apartaments-fazenda-itajai/,-26.9191081,-48.6565174,"Rua Cecília Brandão, 35",Fazenda,Itajaí/SC,1,1,1,1,1
58,Apartamento 2 Quartos Fazenda 79m²,750000.0,2,1,2,1,79,https://maximoveis.com.br/imovel/11965/apartamento-2-quartos-opera-club-residence-fazenda-itajai/,-26.9218338,-48.6511398,"Rua Onze De Junho, 233",Fazenda,Itajaí/SC,1,0,1,1,1
59,Apartamento 2 Quartos São Vicente 62m²,500000.0,2,1,2,1,62,https://maximoveis.com.br/imovel/8121/apartamento-2-quartos-sao-vicente-home-club-sao-vicente-itajai/,,,"Rua São Vicente, 251",São Vicente,Itajaí/SC,1,0,1,1,1
60,Apartamento 3 Quartos Fazenda 111m²,1480000.0,3,3,4,2,111,https://maximoveis.com.br/imovel/11711/apartamento-3-quartos-maison-d-lourdes-fazenda-itajai/,-26.9200216,-48.6526146,"Rua Telêmaco Pereira Liberato, 145",Fazenda,Itajaí/SC,1,0,1,0,1
61,Apartamento 3 Quartos Fazenda 101m²,1320500.0,3,1,4,2,101,https://maximoveis.com.br/imovel/6099/apartamento-3-quartos-gran-marine-fazenda-itajai/,-26.920075,-48.65229499999998,"Rua Antônio Manoel Moreira, 123",Fazenda,Itajaí/SC,1,1,1,1,1
62,Apartamento 2 Quartos Fazenda 74m²,750100.0,2,1,2,1,74,https://maximoveis.com.br/imovel/5626/apartamento-2-quartos-plaza-gaudi-fazenda-itajai/,,,"Rua Camboriú, 673",Fazenda,Itajaí/SC,1,1,1,1,1
64,Apartamento 2 Quartos Centro 88m²,570000.0,2,2,3,1,88,https://maximoveis.com.br/imovel/4453/apartamento-2-quartos-ferrara-centro-itajai/,-26.914311,-48.668619,"Rua Brusque, 815",Centro,Itajaí/SC,0,0,1,1,0
65,Apartamento 3 Quartos Fazenda 120m²,1280000.0,3,1,3,1,120,https://maximoveis.com.br/imovel/3934/apartamento-3-quartos-areia-branca-fazenda-itajai/,-26.916552,-48.654713000000015,"Rua Camboriú, 1012",Fazenda,Itajaí/SC,1,0,1,1,1
67,Apartamento 2 Quartos Cordeiros 51m²,350000.0,2,0,1,1,51,https://maximoveis.com.br/imovel/3212/apartamento-2-quartos-residencial-aguas-claras-cordeiros-itajai/,-26.887616,-48.696452599999986,"Rua Galdino De Borba, 284",Cordeiros,Itajaí/SC,0,0,1,0,0
68,Apartamento 2 Quartos Centro 72m²,655000.0,2,1,2,1,72,https://maximoveis.com.br/imovel/10500/apartamento-2-quartos-maiori-centro-itajai/,-26.9147098,-48.6655161,"Rua Juvenal Garcia, 400",Centro,Itajaí/SC,1,1,1,1,1
69,Apartamento 2 Quartos Itaipava 44m²,200000.0,2,0,1,1,44,https://maximoveis.com.br/imovel/12702/apartamento-2-quartos-luna-bella-itaipava-itajai/,-26.9434091,-48.7474332,"Rua Maria De Souza Gonçalves, 38",Itaipava,Itajaí/SC,1,0,0,1,0
71,Apartamento 3 Quartos São Vicente 85m²,682000.0,3,1,2,2,85,https://maximoveis.com.br/imovel/8120/apartamento-3-quartos-sao-vicente-home-club-sao-vicente-itajai/,,,"Rua São Vicente, 251",São Vicente,Itajaí/SC,1,0,1,1,1
72,Apartamento 3 Quartos Centro 95m²,1100000.0,3,1,2,2,95,https://maximoveis.com.br/imovel/8003/apartamento-3-quartos-urban-classic-centro-itajai/,-26.90915954362966,-48.657089586508185,"Rua Camboriú, 134",Centro,Itajaí/SC,1,0,1,1,1
73,Apartamento 2 Quartos Centro 72m²,780000.0,2,2,3,1,72,https://maximoveis.com.br/imovel/5069/apartamento-2-quartos-jardim-das-aguas-centro-itajai/,-26.9045897,-48.664679699999965,"Rua Tijucas, 335",Centro,Itajaí/SC,1,0,1,1,1
75,Apartamento 4 Quartos Fazenda 179m²,1490000.0,4,1,4,2,179,https://maximoveis.com.br/imovel/11646/apartamento-4-quartos-farol-da-barra-fazenda-itajai/,-26.9148451,-48.6540881,"Rua Lauro Muller, 1084",Fazenda,Itajaí/SC,1,0,1,1,1
77,Apartamento 2 Quartos Murta 46m²,240000.0,2,0,1,1,46,https://maximoveis.com.br/imovel/12458/apartamento-2-quartos-marisanto-murta-itajai/,-26.873929,-48.698768,"Rua José Luiz Marcelino, 650",Murta,Itajaí/SC,1,0,0,1,1
78,Apartamento 2 Quartos Cordeiros 62m²,360000.0,2,1,2,1,62,https://maximoveis.com.br/imovel/12114/apartamento-2-quartos-residencial-netuno-cordeiros-itajai/,-26.892168,-48.6953439,"Rua Mário Reis, 330",Cordeiros,Itajaí/SC,0,0,0,0,0
79,Apartamento 2 Quartos São João 64m²,550000.0,2,1,1,1,64,https://maximoveis.com.br/imovel/12756/apartamento-2-quartos-residencial-alameda-jobim-sao-joao-itajai/,-26.9006924,-48.6817544,"Rua Doutor Pedro Rangel, 382",São João,Itajaí/SC,1,1,1,1,1
80,Apartamento 2 Quartos São Vicente 58m²,450000.0,2,0,1,1,58,https://maximoveis.com.br/imovel/11092/apartamento-2-quartos-porto-seguro-sao-vicente-itajai/,-26.9069368,-48.6944981,"Rua Pedro Cristiano De Miranda, 1013",São Vicente,Itajaí/SC,1,0,1,1,1
83,Apartamento 2 Quartos Centro 78m²,712000.0,2,2,3,2,78,https://maximoveis.com.br/imovel/7738/apartamento-2-quartos-cielo-di-amalfi-centro-itajai/,-26.9068084,-48.669074799999976,"Rua Alberto Werner, 209",Centro,Itajaí/SC,1,0,1,1,0
84,Apartamento 3 Quartos Centro 104m²,850000.0,3,1,1,1,104,https://maximoveis.com.br/imovel/4324/apartamento-3-quartos-dona-emilia-centro-itajai/,-26.910852,-48.655395999999996,"Avenida Joca Brandão, 111",Centro,Itajaí/SC,0,0,1,1,0
85,Apartamento 2 Quartos São João 73m²,496488.75,2,1,2,1,73,https://maximoveis.com.br/imovel/10048/apartamento-2-quartos-jardins-de-burle-marx-sao-joao-itajai/,-26.9021362,-48.6844871,"Rua José Pereira Liberato, 1320",São João,Itajaí/SC,1,0,1,1,1
86,Apartamento 2 Quartos São Judas 57m²,550000.0,2,1,1,1,57,https://maximoveis.com.br/imovel/6562/apartamento-2-quartos-saint-paul-sao-judas-itajai/,-26.910649,-48.676661999999965,"Rua São Paulo, 250",São Judas,Itajaí/SC,1,0,1,1,0
87,Apartamento 2 Quartos Fazenda 67m²,1180000.0,2,2,3,2,67,https://maximoveis.com.br/imovel/5630/apartamento-2-quartos-la-villa-santangelo-fazenda-itajai/,-26.910604,-48.65701100000001,"Rua Camboriú, 309",Fazenda,Itajaí/SC,1,0,1,1,1
88,Apartamento 2 Quartos Murta 42m²,264000.0,2,0,1,1,42,https://maximoveis.com.br/imovel/8334/apartamento-2-quartos-homeset-residence-garden-murta-itajai/,-26.8698716,-48.6964967,"Rua Francisco José De Aviz, 551",Murta,Itajaí/SC,1,0,1,1,0
89,Apartamento 3 Quartos Fazenda 115m²,1536183.37,3,1,2,2,115,https://maximoveis.com.br/imovel/4507/apartamento-3-quartos-sun-coast-residence-fazenda-itajai/,-26.920547566208466,-48.64999844047543,"Rua Fritz Schneider, 48",Fazenda,Itajaí/SC,0,1,1,1,1
90,Apartamento 3 Quartos Centro 84m²,890000.0,3,1,1,2,84,https://maximoveis.com.br/imovel/7058/apartamento-3-quartos-mar-dos-a%C3%A7ores-centro-itajai/,-26.9116062,-48.6614309,"Rua Herculano Corrêa, 127",Centro,Itajaí/SC,1,1,1,1,1
92,Apartamento 3 Quartos São João 76m²,700000.0,3,1,2,2,76,https://maximoveis.com.br/imovel/12751/apartamento-3-quartos-residencial-alameda-jobim-sao-joao-itajai/,-26.9006924,-48.6817544,"Rua Doutor Pedro Rangel, 382",São João,Itajaí/SC,1,1,1,1,1
93,Apartamento 2 Quartos Centro 72m²,750000.0,2,2,3,1,72,https://maximoveis.com.br/imovel/11352/apartamento-2-quartos-manhattan-life-connection-centro-itajai/,-26.9119065,-48.6654248,"Rua Eurico Adam, 82",Centro,Itajaí/SC,1,0,1,1,1
94,Apartamento 2 Quartos Vila Operária 71m²,546000.0,2,1,2,1,71,https://maximoveis.com.br/imovel/11543/apartamento-2-quartos-living-360%C2%BA-vila-operaria-itajai/,-26.9124872,-48.6715753,"Rua Carlos Seara, 686",Vila Operária,Itajaí/SC,1,0,1,1,1
95,Apartamento 3 Quartos Centro 141m²,750000.0,3,1,3,1,141,https://maximoveis.com.br/imovel/12365/apartamento-3-quartos-francisco-eduardo-centro-itajai/,-26.9082859,-48.6775167,"Rua Quinze De Novembro, 100",Centro,Itajaí/SC,0,0,1,1,0
96,Apartamento 2 Quartos São Vicente 41m²,306900.0,2,0,1,1,41,https://maximoveis.com.br/imovel/12169/apartamento-2-quartos-dona-adelia-sao-vicente-itajai/,-26.9121045,-48.6986548,"Rua Sátyro Loureiro, 771",São Vicente,Itajaí/SC,0,0,0,1,0
97,Apartamento 2 Quartos Centro 68m²,575000.0,2,1,2,1,68,https://maximoveis.com.br/imovel/10544/apartamento-2-quartos-residencial-peter-brook-centro-itajai/,-26.9135575,-48.6642488,"Rua Juvenal Garcia, 246",Centro,Itajaí/SC,0,1,1,1,0
98,Apartamento 2 Quartos Fazenda 92m²,1150000.0,2,2,3,2,92,https://maximoveis.com.br/imovel/7442/apartamento-2-quartos-plaza-gaudi-fazenda-itajai/,,,"Rua Camboriú, 673",Fazenda,Itajaí/SC,1,1,1,1,1
99,Apartamento 4 Quartos Centro 158m²,2500000.0,4,4,4,2,158,https://maximoveis.com.br/imovel/6254/apartamento-4-quartos-l-acqua-residence-centro-itajai/,-26.9080878,-48.655238999999995,"Rua Lauro Muller, 340",Centro,Itajaí/SC,1,0,1,1,1
101,Apartamento 2 Quartos São Vicente 86m²,423100.0,2,1,2,1,86,https://maximoveis.com.br/imovel/11423/apartamento-2-quartos-dona-adelia-sao-vicente-itajai/,-26.9121045,-48.6986548,"Rua Sátyro Loureiro, 771",São Vicente,Itajaí/SC,0,0,0,1,0
102,Apartamento 2 Quartos Itaipava 44m²,220000.0,2,0,1,1,44,https://maximoveis.com.br/imovel/12708/apartamento-2-quartos-luna-bella-itaipava-itajai/,-26.9434091,-48.7474332,"Rua Maria De Souza Gonçalves, 38",Itaipava,Itajaí/SC,1,0,0,1,0
103,Apartamento 3 Quartos Centro 223m²,1490000.0,3,1,3,1,223,https://maximoveis.com.br/imovel/3565/apartamento-3-quartos-residencial-paraiso-centro-itajai/,-26.908327,-48.663771,"Rua Frederico Augusto Luiz Thieme, 140",Centro,Itajaí/SC,1,0,1,1,0
104,Apartamento 3 Quartos Ressacada 153m²,1600000.0,3,1,3,3,153,https://maximoveis.com.br/imovel/11877/apartamento-3-quartos-duetto-ressacada-itajai/,-26.9264163,-48.6815479,"Rua Itapoá, 180",Ressacada,Itajaí/SC,1,0,1,1,0
106,Apartamento 3 Quartos Fazenda 149m²,1870000.0,3,1,3,2,149,https://maximoveis.com.br/imovel/11205/apartamento-3-quartos-brisa-do-mar-fazenda-itajai/,-26.9171653,-48.6542296,"Rua Camboriú, 1112",Fazenda,Itajaí/SC,1,0,1,1,1
107,Apartamento 3 Quartos Ressacada 101m²,850000.0,3,3,4,2,101,https://maximoveis.com.br/imovel/11288/apartamento-3-quartos-life-residence-ressacada-itajai/,-26.9264053,-48.6792594,"Avenida Vereador Abrahão João Francisco, 3385",Ressacada,Itajaí/SC,1,0,1,1,0
108,Apartamento 2 Quartos Praia Brava 88m²,1490000.0,2,1,2,1,88,https://maximoveis.com.br/imovel/10625/apartamento-2-quartos-emerald-residence-praia-brava-itajai/,-26.9489784,-48.6310805,"Rua Maria Das Dores Santos Müller, 166",Praia Brava,Itajaí/SC,1,0,1,1,1
109,Apartamento 3 Quartos Centro 110m²,1090000.0,3,1,3,2,110,https://maximoveis.com.br/imovel/12154/apartamento-3-quartos-bellaggio-residenze-centro-itajai/,-26.9072827,-48.6559458,"Rua Quinze De Novembro, 239",Centro,Itajaí/SC,0,0,1,1,1
111,Apartamento 2 Quartos São Vicente 61m²,420000.0,2,1,1,1,61,https://maximoveis.com.br/imovel/10589/apartamento-2-quartos-libra-concept-residence-sao-vicente-itajai/,-26.9111891,-48.70384319999999,"Rua Israel De Almeida, 773",São Vicente,Itajaí/SC,0,0,1,1,0
113,Apartamento 3 Quartos Fazenda 144m²,2450000.0,3,1,3,2,144,https://maximoveis.com.br/imovel/12879/apartamento-3-quartos-marine-vision-fazenda-itajai/,-26.9159154,-48.6538878,"Lauro Muller, 1200",Fazenda,Itajaí/SC,1,0,1,1,1
114,Apartamento 3 Quartos Fazenda 154m²,1950000.0,3,3,4,3,154,https://maximoveis.com.br/imovel/12028/apartamento-3-quartos-valencia-fazenda-itajai/,-26.911917,-48.6562182,"Rua Camboriú, 465",Fazenda,Itajaí/SC,1,1,1,1,1
115,Apartamento 2 Quartos São Vicente 59m²,300000.0,2,0,1,1,59,https://maximoveis.com.br/imovel/12582/apartamento-2-quartos-condominio-residencial-victoria-sao-vicente-itajai/,-26.9105046,-48.7042688,"Rua Higina De Andrade Correa, 312",São Vicente,Itajaí/SC,0,0,0,0,0
116,Apartamento 2 Quartos Espinheiros 55m²,270000.0,2,0,1,1,55,https://maximoveis.com.br/imovel/12738/apartamento-2-quartos-carolina-dal%C3%A7oquio-espinheiros-itajai/,-26.8961288,-48.731337,"Rua Fermino Vieira Cordeiro, 1284",Espinheiros,Itajaí/SC,0,0,0,1,0
117,Apartamento 3 Quartos Centro 82m²,850000.0,3,1,2,2,82,https://maximoveis.com.br/imovel/11325/apartamento-3-quartos-lottus-residence-centro-itajai/,-26.906686,-48.6675619,"Rua Pereira Neto, 189",Centro,Itajaí/SC,1,0,1,1,1
118,Apartamento 4 Quartos Cabeçudas 361m²,2700000.0,4,2,5,1,361,https://maximoveis.com.br/imovel/9494/apartamento-4-quartos-olympicos-cabe%C3%A7udas-itajai/,-26.9273744,-48.6335776,"Rua Juvêncio Tavares Do Amaral, 362",Cabeçudas,Itajaí/SC,0,0,0,0,0
120,Apartamento 2 Quartos São Vicente 58m²,476000.0,2,0,1,1,58,https://maximoveis.com.br/imovel/7398/apartamento-2-quartos-sao-vicente-home-club-sao-vicente-itajai/,-26.8999044,-48.687016,"Rua São Vicente, 251",São Vicente,Itajaí/SC,1,0,1,1,1
123,Apartamento 2 Quartos São João 72m²,490000.0,2,1,1,1,72,https://maximoveis.com.br/imovel/4414/apartamento-2-quartos-monier-sao-joao-itajai/,-26.9017714,-48.68297829999999,"Rua José Pereira Liberato, 1123",São João,Itajaí/SC,1,0,1,1,1
124,Apartamento 3 Quartos Vila Operária 95m²,850000.0,3,1,2,2,95,https://maximoveis.com.br/imovel/10425/apartamento-3-quartos-renoir-vila-operaria-itajai/,-26.9110411,-48.6694203,"Rua Alberto Werner, 615",Vila Operária,Itajaí/SC,1,0,1,1,0
125,Apartamento 3 Quartos São Judas 80m²,833000.0,3,1,2,1,80,https://maximoveis.com.br/imovel/8428/apartamento-3-quartos-atmos-blue-sao-judas-itajai/,-26.908926,-48.676917,"Rua Santo Antônio, 283",São Judas,Itajaí/SC,1,1,0,1,1
128,Apartamento 2 Quartos Barra Do Rio 56m²,545000.0,2,1,2,1,56,https://maximoveis.com.br/imovel/12057/apartamento-2-quartos-barra-garden-barra-do-rio-itajai/,-26.8881807,-48.6802719,"Rua Curt Hering, 27",Barra Do Rio,Itajaí/SC,1,0,1,1,1
129,Apartamento 3 Quartos Centro 123m²,1400000.0,3,3,4,2,123,https://maximoveis.com.br/imovel/12379/apartamento-3-quartos-november-residence-centro-itajai/,-26.9082859,-48.6775167,"Rua Quinze De Novembro, 500",Centro,Itajaí/SC,1,0,1,1,1
130,Apartamento 2 Quartos Fazenda 71m²,750000.0,2,1,2,1,71,https://maximoveis.com.br/imovel/10991/apartamento-2-quartos-you-new-style-fazenda-itajai/,-26.9226795,-48.65146739999999,"Rua Onze De Junho, 309",Fazenda,Itajaí/SC,1,1,1,1,1
131,Apartamento 2 Quartos Fazenda 75m²,847500.0,2,2,2,1,75,https://maximoveis.com.br/imovel/5049/apartamento-2-quartos-plaza-gaudi-fazenda-itajai/,,,"Rua Camboriú, 673",Fazenda,Itajaí/SC,1,1,1,1,1
132,Apartamento 4 Quartos Centro 306m²,1700000.0,4,4,5,3,306,https://maximoveis.com.br/imovel/742/apartamento-4-quartos-haroldo-villela-centro-itajai/,-26.9091648,-48.661008700000025,"Avenida Coronel Marcos Konder, 868",Centro,Itajaí/SC,0,0,1,1,0
136,Apartamento 3 Quartos Fazenda 199m²,2500000.0,3,3,5,2,199,https://maximoveis.com.br/imovel/12018/apartamento-3-quartos-pontal-da-barra-fazenda-itajai/,-26.919867,-48.650453,"Rua Jorge Tzachel, 412",Fazenda,Itajaí/SC,0,0,1,1,0
137,Apartamento 2 Quartos Itaipava 49m²,255000.0,2,0,1,1,49,https://maximoveis.com.br/imovel/12021/apartamento-2-quartos-quinta-das-araucarias-itaipava-itajai/,-26.9438009,-48.7391063,"Avenida Itaipava, 3868",Itaipava,Itajaí/SC,1,0,0,1,0
138,Apartamento 3 Quartos Centro 164m²,1480000.0,3,3,4,2,164,https://maximoveis.com.br/imovel/4780/apartamento-3-quartos-residencial-monet-centro-itajai/,-26.911057988076013,-48.655530090213006,"Avenida Joca Brandão, 193",Centro,Itajaí/SC,1,1,1,1,1
139,Apartamento 2 Quartos Itaipava 44m²,215000.0,2,0,1,1,44,https://maximoveis.com.br/imovel/12707/apartamento-2-quartos-luna-bella-itaipava-itajai/,-26.9434091,-48.7474332,"Rua Maria De Souza Gonçalves, 38",Itaipava,Itajaí/SC,1,0,0,1,0
140,Apartamento 3 Quartos Fazenda 79m²,740000.0,3,1,2,1,79,https://maximoveis.com.br/imovel/11679/apartamento-3-quartos-vila-do-verde-fazenda-itajai/,-26.921174,-48.6565512,"Rua Cesário Chaves, 222",Fazenda,Itajaí/SC,1,0,1,1,0
142,Apartamento 3 Quartos Praia Brava 83m²,1650000.0,3,1,2,2,83,https://maximoveis.com.br/imovel/12679/apartamento-3-quartos-brava-view-praia-brava-itajai/,-26.9542472,-48.6411941,"Rua Aririba, 71",Praia Brava,Itajaí/SC,1,0,1,1,1
143,Apartamento 2 Quartos São Vicente 58m²,310000.0,2,0,1,1,58,https://maximoveis.com.br/imovel/12580/apartamento-2-quartos-condominio-residencial-victoria-sao-vicente-itajai/,-26.9105046,-48.7042688,"Rua Higina De Andrade Correa, 312",São Vicente,Itajaí/SC,0,0,0,0,0
146,Apartamento 2 Quartos Vila Operária 74m²,660000.0,2,1,2,1,74,https://maximoveis.com.br/imovel/12647/apartamento-2-quartos-flor-de-liz-vila-operaria-itajai/,-26.911657,-48.6731817,"Rua Duque De Caxias, 497",Vila Operária,Itajaí/SC,1,0,1,1,0
151,Apartamento 3 Quartos Centro 164m²,1650000.0,3,3,4,2,164,https://maximoveis.com.br/imovel/11719/apartamento-3-quartos-residencial-monet-centro-itajai/,-26.9111756,-48.6556684,"Avenida Joca Brandão, 193",Centro,Itajaí/SC,1,1,1,1,1
153,Apartamento 3 Quartos Ressacada 91m²,610000.0,3,1,3,2,91,https://maximoveis.com.br/imovel/12736/apartamento-3-quartos-ressacada-itajai/,-26.9298432,-48.6715571,"Rua Irene Bonanomi Da Silva, 387",Ressacada,Itajaí/SC,0,0,0,0,0
154,Apartamento 3 Quartos Fazenda 162m²,2000000.0,3,3,5,2,162,https://maximoveis.com.br/imovel/10132/apartamento-3-quartos-vivacita-residencial-fazenda-itajai/,-26.90715,-48.6553818,"Rua Lauro Muller, 236",Fazenda,Itajaí/SC,1,1,1,1,1
156,Apartamento 3 Quartos Centro 132m²,900000.0,3,1,2,1,132,https://maximoveis.com.br/imovel/12461/apartamento-3-quartos-leopoldo-zarling-centro-itajai/,-26.9087725,-48.6571979,"Rua Camboriú, 80",Centro,Itajaí/SC,0,0,1,0,0
157,Apartamento 3 Quartos Centro 145m²,1730000.0,3,3,4,3,145,https://maximoveis.com.br/imovel/1885/apartamento-3-quartos-palladium-residence-centro-itajai/,-26.9102232,-48.66130769999995,"Rua João Bauer, 280",Centro,Itajaí/SC,1,0,1,1,1
158,Apartamento 3 Quartos Ressacada 97m²,640000.0,3,1,3,2,97,https://maximoveis.com.br/imovel/12464/apartamento-3-quartos-residencial-benjamin-ressacada-itajai/,-26.9300341,-48.6735903,"Rua Irene Bonanomi Da Silva, 80",Ressacada,Itajaí/SC,0,0,0,0,0
159,Apartamento 3 Quartos Dom Bosco 77m²,730000.0,3,1,2,2,77,https://maximoveis.com.br/imovel/12700/apartamento-3-quartos-supreme-garden-dom-bosco-itajai/,-26.9229778,-48.6808469,"Rua José Gall, 905",Dom Bosco,Itajaí/SC,1,0,1,1,0
160,Apartamento 3 Quartos Fazenda 123m²,1262544.44,3,3,4,2,123,https://maximoveis.com.br/imovel/10703/apartamento-3-quartos-le-havre-residence-fazenda-itajai/,-26.9200722,-48.65487090000001,"Rua Gregório Chaves, 29",Fazenda,Itajaí/SC,1,1,1,1,1
161,Apartamento 2 Quartos São Vicente 62m²,500000.0,2,1,2,1,62,https://maximoveis.com.br/imovel/12801/apartamento-2-quartos-sao-vicente-home-club-sao-vicente-itajai/,-26.8999044,-48.687016,"Rua São Vicente, 251",São Vicente,Itajaí/SC,1,0,1,1,1
165,Apartamento 2 Quartos Vila Operária 73m²,670000.0,2,1,2,2,73,https://maximoveis.com.br/imovel/12851/apartamento-2-quartos-byron-bay-vila-operaria-itajai/,-26.9100895,-48.6728977,"Rua Duque De Caxias, 313",Vila Operária,Itajaí/SC,1,0,1,1,1
166,Apartamento 2 Quartos Centro 68m²,585000.0,2,1,2,1,68,https://maximoveis.com.br/imovel/10543/apartamento-2-quartos-residencial-peter-brook-centro-itajai/,-26.9135575,-48.6642488,"Rua Juvenal Garcia, 246",Centro,Itajaí/SC,0,1,1,1,0
167,Apartamento 1 Quarto Centro 38m²,430000.0,1,0,1,1,38,https://maximoveis.com.br/imovel/12630/apartamento-1-quarto-unique-(ck-)-centro-itajai/,-26.912542,-48.662681,"Rua Jorge Mattos, 360",Centro,Itajaí/SC,0,0,1,1,0
169,Apartamento 3 Quartos Fazenda 130m²,1545693.63,3,3,4,2,130,https://maximoveis.com.br/imovel/12047/apartamento-3-quartos-motiro-fazenda-itajai/,-26.9141996,-48.6545751,"Rua Tubarão, 117",Fazenda,Itajaí/SC,1,0,1,1,1
170,Apartamento 3 Quartos Fazenda 95m²,1087000.0,3,1,2,2,95,https://maximoveis.com.br/imovel/4733/apartamento-3-quartos-plaza-gaudi-fazenda-itajai/,,,"Rua Camboriú, 673",Fazenda,Itajaí/SC,1,1,1,1,1
172,Apartamento 3 Quartos Centro 114m²,900000.0,3,1,2,1,114,https://maximoveis.com.br/imovel/6382/apartamento-3-quartos-osny-pereira-centro-itajai/,-26.908319827489226,-48.65798456343077,"Rua Joinville, 270",Centro,Itajaí/SC,0,0,1,1,0
173,Apartamento 3 Quartos Centro 107m²,1270000.0,3,3,4,2,107,https://maximoveis.com.br/imovel/3905/apartamento-3-quartos-de-leon-centro-itajai/,-26.907767,-48.655454399999996,"Rua Lauro Muller, 306",Centro,Itajaí/SC,1,0,1,1,1
175,Apartamento 3 Quartos Ressacada 91m²,610000.0,3,1,3,2,91,https://maximoveis.com.br/imovel/12735/apartamento-3-quartos-ressacada-itajai/,-26.9298432,-48.6715571,"Rua Irene Bonanomi Da Silva, 387",Ressacada,Itajaí/SC,0,0,0,0,0
176,Apartamento 2 Quartos Centro 69m²,570000.0,2,1,2,1,69,https://maximoveis.com.br/imovel/11943/apartamento-2-quartos-fontana-della-barcaccia-centro-itajai/,-26.9124355,-48.6650917,"Rua Franklin Máximo Pereira, 274",Centro,Itajaí/SC,1,0,1,1,1
177,Apartamento 2 Quartos Dom Bosco 88m²,799000.0,2,2,2,1,88,https://maximoveis.com.br/imovel/12454/apartamento-2-quartos-mykonos-%E2%80%93-ilhas-gregas-dom-bosco-itajai/,-26.9181183,-48.672928,"Rua Modesto Fernandes Vieira, 205",Dom Bosco,Itajaí/SC,1,1,1,1,1
178,Apartamento 2 Quartos Itaipava 44m²,200000.0,2,0,1,1,44,https://maximoveis.com.br/imovel/12705/apartamento-2-quartos-luna-bella-itaipava-itajai/,-26.9434091,-48.7474332,"Rua Maria De Souza Gonçalves, 38",Itaipava,Itajaí/SC,1,0,0,1,0
180,Apartamento 2 Quartos Espinheiros 54m²,275000.0,2,0,1,1,54,https://maximoveis.com.br/imovel/12878/apartamento-2-quartos-vila-das-palmeiras-espinheiros-itajai/,-26.8946667,-48.7328104,"Rua Fermino Vieira Cordeiro, 1442",Espinheiros,Itajaí/SC,1,0,1,1,1
182,Apartamento 3 Quartos Centro 146m²,1580000.0,3,3,4,2,146,https://maximoveis.com.br/imovel/10868/apartamento-3-quartos-palladium-residence-centro-itajai/,-26.9102993,-48.6614673,"Rua João Bauer, 280",Centro,Itajaí/SC,1,0,1,1,1
183,Apartamento 2 Quartos São Judas 73m²,798000.0,2,2,3,2,73,https://maximoveis.com.br/imovel/12424/apartamento-2-quartos-dom-vicente-sao-judas-itajai/,-26.9152057,-48.6721434,"Rua José Tedeo, 133",São Judas,Itajaí/SC,1,0,1,1,1
185,Apartamento 3 Quartos Fazenda 125m²,1684446.58,3,3,4,2,125,https://maximoveis.com.br/imovel/10816/apartamento-3-quartos-casa-atalaia-47-fazenda-itajai/,-26.9222568,-48.6478208,"Rua Antônio Rocha De Andrade, 45",Fazenda,Itajaí/SC,1,0,1,1,1
186,Apartamento 3 Quartos Fazenda 88m²,1200000.0,3,1,2,2,88,https://maximoveis.com.br/imovel/12675/apartamento-3-quartos-one-palace-residence-fazenda-itajai/,-26.9216716,-48.647993,"Rua Antônio Bonanomi, 94",Fazenda,Itajaí/SC,1,0,1,1,1
189,Apartamento 3 Quartos Centro 134m²,1791995.0,3,3,4,2,134,https://maximoveis.com.br/imovel/10785/apartamento-3-quartos-soho-538-centro-itajai/,-26.9100404,-48.6556626,"Rua Quinze De Novembro, 538",Centro,Itajaí/SC,1,0,1,1,1
192,Apartamento 3 Quartos Vila Operária 85m²,761000.0,3,1,2,2,85,https://maximoveis.com.br/imovel/7569/apartamento-3-quartos-residencial-maggiore-vila-operaria-itajai/,-26.910282,-48.672586,"Avenida Getúlio Vargas, 411",Vila Operária,Itajaí/SC,1,0,1,1,1
193,Apartamento 3 Quartos Centro 104m²,1024000.0,3,1,3,2,104,https://maximoveis.com.br/imovel/10068/apartamento-3-quartos-monte-solaro-centro-itajai/,-26.9159496,-48.6592326,"Rua Uruguai, 716",Centro,Itajaí/SC,1,0,1,1,1
194,Apartamento 3 Quartos Vila Operária 86m²,813000.0,3,1,2,1,86,https://maximoveis.com.br/imovel/10326/apartamento-3-quartos-atmos-sky-vila-operaria-itajai/,-26.912963,-48.6713888,"Rua Carlos Seara, 746",Vila Operária,Itajaí/SC,1,0,1,1,1
195,Apartamento 2 Quartos São Judas 72m²,550000.0,2,1,2,1,72,https://maximoveis.com.br/imovel/11847/apartamento-2-quartos-arcadia-sao-judas-itajai/,-26.9103923,-48.6769238,"Rua Gaspar, 327",São Judas,Itajaí/SC,0,0,1,1,1
196,Apartamento 3 Quartos Fazenda 124m²,1499926.21,3,3,4,2,124,https://maximoveis.com.br/imovel/10762/apartamento-3-quartos-laguna-182-fazenda-itajai/,-26.9124705,-48.6553322,"Rua Laguna, 182",Fazenda,Itajaí/SC,1,0,1,1,1
197,Apartamento 2 Quartos São João 60m²,455000.0,2,1,2,1,60,https://maximoveis.com.br/imovel/10770/apartamento-2-quartos-lago-di-ledro-sao-joao-itajai/,-26.9017567,-48.6729074,"Rua Pedro Antônio Fayal, 320",São João,Itajaí/SC,1,0,1,1,1
198,Apartamento 3 Quartos Vila Operária 87m²,762000.0,3,1,2,1,87,https://maximoveis.com.br/imovel/7741/apartamento-3-quartos-residencial-maggiore-vila-operaria-itajai/,-26.910282,-48.672586,"Avenida Getúlio Vargas, 411",Vila Operária,Itajaí/SC,1,0,1,1,1
199,Apartamento 3 Quartos Centro 164m²,2200000.0,3,3,4,4,164,https://maximoveis.com.br/imovel/11803/apartamento-3-quartos-residencial-monet-centro-itajai/,-26.9111756,-48.6556684,"Avenida Joca Brandão, 193",Centro,Itajaí/SC,1,1,1,1,1
201,Apartamento 2 Quartos São João 73m²,595000.0,2,1,2,1,73,https://maximoveis.com.br/imovel/11364/apartamento-2-quartos-jardins-de-burle-marx-sao-joao-itajai/,-26.9024055,-48.6842301,"Rua José Pereira Liberato, 1320",São João,Itajaí/SC,1,0,1,1,1
203,Apartamento 2 Quartos São João 70m²,620000.0,2,1,2,1,70,https://maximoveis.com.br/imovel/12136/apartamento-2-quartos-monier-sao-joao-itajai/,-26.9017714,-48.68297829999999,"Rua José Pereira Liberato, 1123",São João,Itajaí/SC,1,0,1,1,1
204,Apartamento 3 Quartos Fazendinha 107m²,975000.0,3,3,4,3,107,https://maximoveis.com.br/imovel/11331/apartamento-3-quartos-belvedere-residence-fazendinha-itajai/,-26.9285564,-48.6470975,"Rua Jorge Fernandes, 136",Fazendinha,Itajaí/SC,1,1,1,1,0
205,Apartamento 2 Quartos Praia Brava 80m²,1112875.21,2,1,2,2,80,https://maximoveis.com.br/imovel/5182/apartamento-2-quartos-brava-view-praia-brava-itajai/,-26.954247199999998,-48.6411941,"Rua Aririba, 71",Praia Brava,Itajaí/SC,1,0,1,1,1
206,Apartamento 2 Quartos Itaipava 49m²,260000.0,2,0,1,1,49,https://maximoveis.com.br/imovel/12790/apartamento-2-quartos-quinta-das-araucarias-itaipava-itajai/,-26.9438009,-48.7391063,"Avenida Itaipava, 3868",Itaipava,Itajaí/SC,1,0,0,1,0
207,Apartamento 3 Quartos Vila Operária 83m²,693000.0,3,1,2,2,83,https://maximoveis.com.br/imovel/11544/apartamento-3-quartos-living-360%C2%BA-vila-operaria-itajai/,-26.9124872,-48.6715753,"Rua Carlos Seara, 686",Vila Operária,Itajaí/SC,1,0,1,1,1
208,Apartamento 3 Quartos Praia Brava 108m²,2500000.0,3,1,2,2,108,https://maximoveis.com.br/imovel/11819/apartamento-3-quartos-amores-da-brava-praia-brava-itajai/,-26.9459299,-48.630799,"Rua Delfim Mário Pádua Peixoto, 600",Praia Brava,Itajaí/SC,1,0,1,1,1
209,Apartamento 2 Quartos São João 92m²,595000.0,2,1,2,1,92,https://maximoveis.com.br/imovel/12411/apartamento-2-quartos-bela-unione-sao-joao-itajai/,-26.9083726,-48.6803526,"Rua Domingos Laureano, 129",São João,Itajaí/SC,0,0,1,1,0
210,Apartamento 3 Quartos Fazenda 126m²,1718700.0,3,3,3,2,126,https://maximoveis.com.br/imovel/6098/apartamento-3-quartos-gran-marine-fazenda-itajai/,-26.920075,-48.65229499999998,"Rua Antônio Manoel Moreira, 123",Fazenda,Itajaí/SC,1,1,1,1,1
211,Apartamento 3 Quartos Fazenda 236m²,2200000.0,3,3,5,3,236,https://maximoveis.com.br/imovel/12133/apartamento-3-quartos-edith-bernardes-fazenda-itajai/,-26.919254,-48.65129280000001,"Rua Jorge Tzachel, 344",Fazenda,Itajaí/SC,0,0,1,0,1
214,Apartamento 2 Quartos Cordeiros 56m²,375000.0,2,0,1,1,56,https://maximoveis.com.br/imovel/12657/apartamento-2-quartos-lago-maggiore-residenze-cordeiros-itajai/,-26.8889301,-48.6966767,"Rua São Paulo, 270",Cordeiros,Itajaí/SC,0,0,1,1,0
215,Apartamento 4 Quartos Vila Operária 126m²,1415000.0,4,2,4,1,126,https://maximoveis.com.br/imovel/10327/apartamento-4-quartos-atmos-sky-vila-operaria-itajai/,-26.912963,-48.6713888,"Rua Carlos Seara, 746",Vila Operária,Itajaí/SC,1,0,1,1,1
218,Apartamento 2 Quartos São Vicente 41m²,306900.0,2,0,1,1,41,https://maximoveis.com.br/imovel/11428/apartamento-2-quartos-dona-adelia-sao-vicente-itajai/,-26.9121045,-48.6986548,"Rua Sátyro Loureiro, 771",São Vicente,Itajaí/SC,0,0,0,1,0
219,Apartamento 2 Quartos Itaipava 44m²,220000.0,2,0,1,1,44,https://maximoveis.com.br/imovel/12565/apartamento-2-quartos-luna-bella-itaipava-itajai/,-26.9434091,-48.7474332,"Rua Maria De Souza Gonçalves, 38",Itaipava,Itajaí/SC,1,0,0,1,0
220,Apartamento 3 Quartos Praia Brava 74m²,950000.0,3,1,2,2,74,https://maximoveis.com.br/imovel/10309/apartamento-3-quartos-north-brava-praia-brava-itajai/,-26.9554717,-48.6438808,"Rua Suécia, 421",Praia Brava,Itajaí/SC,1,0,1,1,1
221,Apartamento 2 Quartos Vila Operária 78m²,753000.0,2,1,2,1,78,https://maximoveis.com.br/imovel/10324/apartamento-2-quartos-atmos-sky-vila-operaria-itajai/,-26.912963,-48.6713888,"Rua Carlos Seara, 746",Vila Operária,Itajaí/SC,1,0,1,1,1
222,Apartamento 3 Quartos Cabeçudas 124m²,1720000.0,3,3,4,2,124,https://maximoveis.com.br/imovel/11977/apartamento-3-quartos-splendid-etoile-cabe%C3%A7udas-itajai/,-26.9285217,-48.63569940000001,"Rua José Menescau Do Monte, 154",Cabeçudas,Itajaí/SC,1,0,1,1,0
223,Apartamento 2 Quartos São Vicente 41m²,309900.0,2,0,1,1,41,https://maximoveis.com.br/imovel/11425/apartamento-2-quartos-dona-adelia-sao-vicente-itajai/,-26.9121045,-48.6986548,"Rua Sátyro Loureiro, 771",São Vicente,Itajaí/SC,0,0,0,1,0
224,Apartamento 2 Quartos Centro 77m²,753000.0,2,2,3,2,77,https://maximoveis.com.br/imovel/10499/apartamento-2-quartos-maiori-centro-itajai/,-26.9147098,-48.6655161,"Rua Juvenal Garcia, 400",Centro,Itajaí/SC,1,1,1,1,1
225,Apartamento 2 Quartos São Vicente 74m²,379600.0,2,1,2,1,74,https://maximoveis.com.br/imovel/11424/apartamento-2-quartos-dona-adelia-sao-vicente-itajai/,-26.9121045,-48.6986548,"Rua Sátyro Loureiro, 771",São Vicente,Itajaí/SC,0,0,0,1,0
226,Apartamento 4 Quartos Fazenda 165m²,2600000.0,4,4,5,3,165,https://maximoveis.com.br/imovel/8990/apartamento-4-quartos-camboriu-tower-residence-fazenda-itajai/,-26.9115688,-48.6562565,"Rua Camboriú, 433",Fazenda,Itajaí/SC,0,0,1,1,1
229,Apartamento 3 Quartos Praia Brava 118m²,2500000.0,3,1,3,3,118,https://maximoveis.com.br/imovel/12295/apartamento-3-quartos-torres-da-brava-praia-brava-itajai/,-26.9441106,-48.6387048,"Avenida Rua Luci Canziani, 200",Praia Brava,Itajaí/SC,1,1,1,1,1
230,Apartamento 3 Quartos Centro 82m²,820000.0,3,1,2,2,82,https://maximoveis.com.br/imovel/11946/apartamento-3-quartos-lottus-residence-centro-itajai/,-26.906686,-48.6675619,"Rua Pereira Neto, 189",Centro,Itajaí/SC,1,0,1,1,1
231,Apartamento 3 Quartos Centro 296m²,1800000.0,3,3,4,3,296,https://maximoveis.com.br/imovel/12818/apartamento-3-quartos-aririba-centro-itajai/,-26.9103041,-48.6565976,"Rua Camboriú, 255",Centro,Itajaí/SC,1,0,1,1,1
232,Apartamento 2 Quartos São Vicente 62m²,369400.0,2,1,2,1,62,https://maximoveis.com.br/imovel/12167/apartamento-2-quartos-dona-adelia-sao-vicente-itajai/,-26.9121045,-48.6986548,"Rua Sátyro Loureiro, 771",São Vicente,Itajaí/SC,0,0,0,1,0
235,Apartamento 4 Quartos Fazenda 165m²,2400000.0,4,4,5,3,165,https://maximoveis.com.br/imovel/6445/apartamento-4-quartos-camboriu-tower-residence-fazenda-itajai/,-26.9115688,-48.6562565,"Rua Camboriú, 433",Fazenda,Itajaí/SC,0,0,1,1,1
236,Apartamento 2 Quartos São João 71m²,561965.05,2,1,2,1,71,https://maximoveis.com.br/imovel/11174/apartamento-2-quartos-garden-club-sao-joao-itajai/,-26.9011733,-48.6739564,"Rua João Ladislau Tabalipa, 455",São João,Itajaí/SC,1,1,1,1,1
238,Apartamento 2 Quartos Praia Brava 65m²,1110000.0,2,1,2,1,65,https://maximoveis.com.br/imovel/12044/apartamento-2-quartos-privilege-residence-praia-brava-itajai/,-26.9549503,-48.6432367,"Rua Suécia, 286",Praia Brava,Itajaí/SC,1,0,1,1,1
239,Apartamento 2 Quartos Dom Bosco 73m²,570000.0,2,1,2,1,73,https://maximoveis.com.br/imovel/10777/apartamento-2-quartos-lago-di-lucerna-dom-bosco-itajai/,-26.9199902,-48.6809755,"Rua Esperidião Graciliano Da Silva, 298",Dom Bosco,Itajaí/SC,1,0,1,1,1
240,Apartamento 2 Quartos São Judas 69m²,570000.0,2,1,1,1,69,https://maximoveis.com.br/imovel/2936/apartamento-2-quartos-villa-florence-sao-judas-itajai/,-26.9142265,-48.670941400000004,"Rua Willy Henning, 27",São Judas,Itajaí/SC,0,0,1,1,0
241,Apartamento 2 Quartos Centro 68m²,585000.0,2,1,2,1,68,https://maximoveis.com.br/imovel/10501/apartamento-2-quartos-maiori-centro-itajai/,-26.9147098,-48.6655161,"Rua Juvenal Garcia, 400",Centro,Itajaí/SC,1,1,1,1,1
243,Apartamento 3 Quartos Praia Brava 106m²,1130000.0,3,1,3,2,106,https://maximoveis.com.br/imovel/11623/apartamento-3-quartos-brava-valley-praia-brava-itajai/,-26.9518472,-48.6422262,"Rua Maurino Vieira, 166",Praia Brava,Itajaí/SC,1,0,1,1,1
244,Apartamento 3 Quartos Vila Operária 100m²,807200.0,3,1,2,2,100,https://maximoveis.com.br/imovel/12861/apartamento-3-quartos-duque-3751-vila-operaria-itajai/,-26.9107435,-48.6730925,"Rua Duque De Caxias, 375",Vila Operária,Itajaí/SC,1,0,1,1,1
245,Apartamento 3 Quartos Fazenda 144m²,2600000.0,3,3,4,3,144,https://maximoveis.com.br/imovel/11329/apartamento-3-quartos-marine-vision-fazenda-itajai/,-26.9158542,-48.6539855,"Lauro Muller, 1200",Fazenda,Itajaí/SC,1,0,1,1,1
247,Apartamento 2 Quartos Vila Operária 74m²,600527.0,2,0,3,1,74,https://maximoveis.com.br/imovel/12917/apartamento-2-quartos-urban-side-vila-operaria-itajai/,-26.914269,-48.67051739999999,"Avenida José Eugênio Muller, 1279",Vila Operária,Itajaí/SC,1,0,1,1,0
248,Apartamento 2 Quartos São João 71m²,573921.75,2,1,2,1,71,https://maximoveis.com.br/imovel/11176/apartamento-2-quartos-garden-club-sao-joao-itajai/,-26.9011733,-48.6739564,"Rua João Ladislau Tabalipa, 455",São João,Itajaí/SC,1,1,1,1,1
249,Apartamento 2 Quartos Praia Brava 64m²,920000.0,2,1,2,1,64,https://maximoveis.com.br/imovel/7985/apartamento-2-quartos-brava-hill-residence-praia-brava-itajai/,-26.948424,-48.643097,"Rua Braúlio Werner, 193",Praia Brava,Itajaí/SC,1,0,1,1,1
252,Apartamento 2 Quartos São João 71m²,550008.0,2,1,2,1,71,https://maximoveis.com.br/imovel/11173/apartamento-2-quartos-garden-club-sao-joao-itajai/,-26.9011733,-48.6739564,"Rua João Ladislau Tabalipa, 455",São João,Itajaí/SC,1,1,1,1,1
253,Apartamento 2 Quartos Fazenda 112m²,1122811.77,2,1,2,2,112,https://maximoveis.com.br/imovel/10705/apartamento-2-quartos-le-havre-residence-fazenda-itajai/,-26.9200722,-48.65487090000001,"Rua Gregório Chaves, 29",Fazenda,Itajaí/SC,1,1,1,1,1
254,Apartamento 3 Quartos Centro 155m²,2783000.0,3,3,4,3,155,https://maximoveis.com.br/imovel/8829/apartamento-3-quartos-marechiaro-residencial-centro-itajai/,-26.9098664,-48.6548531,"Rua Lauro Muller, 538",Centro,Itajaí/SC,1,0,1,1,1
255,Apartamento 2 Quartos Centro 80m²,745000.0,2,2,3,2,80,https://maximoveis.com.br/imovel/12426/apartamento-2-quartos-lottus-residence-centro-itajai/,-26.906686,-48.6675619,"Rua Pereira Neto, 189",Centro,Itajaí/SC,1,0,1,1,1
256,Apartamento 2 Quartos Vila Operária 168m²,870000.0,2,1,2,2,168,https://maximoveis.com.br/imovel/12643/apartamento-2-quartos-villa-vitta-vila-operaria-itajai/,-26.9121033,-48.6710267,"Rua Carlos Seara, 689",Vila Operária,Itajaí/SC,0,0,1,1,1
257,Apartamento 2 Quartos Itaipava 44m²,210000.0,2,0,1,1,44,https://maximoveis.com.br/imovel/12703/apartamento-2-quartos-luna-bella-itaipava-itajai/,-26.9434091,-48.7474332,"Rua Maria De Souza Gonçalves, 38",Itaipava,Itajaí/SC,1,0,0,1,0
258,Apartamento 2 Quartos Centro 77m²,800000.0,2,1,2,2,77,https://maximoveis.com.br/imovel/10056/apartamento-2-quartos-monte-solaro-centro-itajai/,-26.9159496,-48.6592326,"Rua Uruguai, 716",Centro,Itajaí/SC,1,0,1,1,1
259,Apartamento 3 Quartos Praia Brava 115m²,2690000.0,3,1,3,2,115,https://maximoveis.com.br/imovel/12653/apartamento-3-quartos-porto-madeiro-praia-brava-itajai/,-26.958931,-48.6309,"Rua Otacílio Da Silva Costa, 198",Praia Brava,Itajaí/SC,1,0,1,1,1
260,Apartamento 3 Quartos Fazenda 107m²,1058600.0,3,1,2,2,107,https://maximoveis.com.br/imovel/9710/apartamento-3-quartos-residencial-paradiso-del-mare-fazenda-itajai/,-26.9241745,-48.6485413,"Rua Galdino Gerônimo Vieira, 132",Fazenda,Itajaí/SC,1,0,0,1,1
261,Apartamento 3 Quartos Praia Brava 90m²,2000000.0,3,1,2,2,90,https://maximoveis.com.br/imovel/12636/apartamento-3-quartos-brava-22-praia-brava-itajai/,-26.9571321,-48.6314368,"Rua Miguel Francisco Borges, 22",Praia Brava,Itajaí/SC,0,0,1,1,0
262,Apartamento 3 Quartos Dom Bosco 79m²,723482.16,3,1,2,2,79,https://maximoveis.com.br/imovel/8994/apartamento-3-quartos-mabrem-san-marino-dom-bosco-itajai/,-26.9169583,-48.67202690000001,"Rua Ulisses Machado Dutra, 78",Dom Bosco,Itajaí/SC,1,0,1,1,1
263,Apartamento 3 Quartos Centro 167m²,2200000.0,3,3,5,3,167,https://maximoveis.com.br/imovel/7534/apartamento-3-quartos-marechiaro-residencial-centro-itajai/,-26.9098664,-48.6548531,"Rua Lauro Muller, 538",Centro,Itajaí/SC,1,0,1,1,1
265,Apartamento 2 Quartos Vila Operária 74m²,595440.0,2,1,2,1,74,https://maximoveis.com.br/imovel/12862/apartamento-2-quartos-duque-3751-vila-operaria-itajai/,-26.9107435,-48.6730925,"Rua Duque De Caxias, 375",Vila Operária,Itajaí/SC,1,0,1,1,1
266,Apartamento 2 Quartos Fazenda 90m²,919639.46,2,2,3,2,90,https://maximoveis.com.br/imovel/10704/apartamento-2-quartos-le-havre-residence-fazenda-itajai/,-26.9200722,-48.65487090000001,"Rua Gregório Chaves, 29",Fazenda,Itajaí/SC,1,1,1,1,1
268,Apartamento 2 Quartos Centro 70m²,650000.0,2,1,2,1,70,https://maximoveis.com.br/imovel/12432/apartamento-2-quartos-fontana-della-barcaccia-centro-itajai/,-26.9124355,-48.6650917,"Rua Franklin Máximo Pereira, 274",Centro,Itajaí/SC,1,0,1,1,1
269,Apartamento 3 Quartos Vila Operária 96m²,550000.0,3,1,2,1,96,https://maximoveis.com.br/imovel/12121/apartamento-3-quartos-edificio-residencial-fernanda-e-daniel-vila-operaria-itajai/,-26.9119723,-48.6713517,"Rua Carlos Seara, 650",Vila Operária,Itajaí/SC,1,0,1,1,0
270,Apartamento 2 Quartos Praia Brava 96m²,3000000.0,2,2,3,1,96,https://maximoveis.com.br/imovel/10472/apartamento-2-quartos-brava-arts-praia-brava-itajai/,-26.9510496,-48.6309428,"Rua Delfim Mário Pádua Peixoto, 1128",Praia Brava,Itajaí/SC,1,0,1,1,1
271,Apartamento 3 Quartos Praia Brava 167m²,2679200.0,3,3,4,2,167,https://maximoveis.com.br/imovel/10691/apartamento-3-quartos-residencial-dusseldorf-praia-brava-itajai/,-26.9529509,-48.634561,"Rua Conselheiro Júlio Kumm, 563",Praia Brava,Itajaí/SC,1,0,1,1,0
272,Apartamento 3 Quartos Praia Brava 169m²,2713440.0,3,3,4,2,169,https://maximoveis.com.br/imovel/10690/apartamento-3-quartos-residencial-dusseldorf-praia-brava-itajai/,-26.9529509,-48.634561,"Rua Conselheiro Júlio Kumm, 563",Praia Brava,Itajaí/SC,1,0,1,1,0
273,Apartamento 2 Quartos Fazenda 73m²,789100.0,2,1,2,2,73,https://maximoveis.com.br/imovel/9709/apartamento-2-quartos-residencial-paradiso-del-mare-fazenda-itajai/,-26.9241745,-48.6485413,"Rua Galdino Gerônimo Vieira, 132",Fazenda,Itajaí/SC,1,0,0,1,1
274,Apartamento 2 Quartos Centro 71m²,816000.0,2,2,3,2,71,https://maximoveis.com.br/imovel/10497/apartamento-2-quartos-maiori-centro-itajai/,-26.9147098,-48.6655161,"Rua Juvenal Garcia, 400",Centro,Itajaí/SC,1,1,1,1,1
281,Apartamento 3 Quartos Fazenda 120m²,1350000.0,3,1,3,2,120,https://maximoveis.com.br/imovel/11466/apartamento-3-quartos-areia-branca-fazenda-itajai/,-26.9164732,-48.6542562,"Rua Camboriú, 1012",Fazenda,Itajaí/SC,1,0,1,1,1
283,Apartamento 1 Quarto Praia Brava 63m²,780000.0,1,0,1,1,63,https://maximoveis.com.br/imovel/12550/apartamento-1-quarto-brava-blue-praia-brava-itajai/,-26.9544489,-48.6389793,"Rua Valdir Martins, 26",Praia Brava,Itajaí/SC,0,0,0,1,0
285,Apartamento 2 Quartos Fazenda 73m²,850000.0,2,2,3,1,73,https://maximoveis.com.br/imovel/12854/apartamento-2-quartos-lago-moraine-fazenda-itajai/,-26.9252796,-48.6492404,"Rua João Wollinger, 91",Fazenda,Itajaí/SC,1,0,1,1,1
286,Apartamento 2 Quartos Fazenda 65m²,850000.0,2,1,2,2,65,https://maximoveis.com.br/imovel/12632/apartamento-2-quartos-plaza-firenze-fazenda-itajai/,-26.9192172,-48.6523209,"Rua Telêmaco Pereira Liberato, 100",Fazenda,Itajaí/SC,1,0,1,0,1
288,Apartamento 3 Quartos Fazenda 168m²,3310000.0,3,3,5,3,168,https://maximoveis.com.br/imovel/10855/apartamento-3-quartos-skyline-fazenda-itajai/,-26.9291822,-48.6479907,"Rua Jorge Tzachel, 442",Fazenda,Itajaí/SC,1,0,1,1,1
290,Apartamento 3 Quartos Praia Brava 125m²,2450000.0,3,3,4,2,125,https://maximoveis.com.br/imovel/10689/apartamento-3-quartos-residencial-dusseldorf-praia-brava-itajai/,-26.9529509,-48.634561,"Rua Conselheiro Júlio Kumm, 563",Praia Brava,Itajaí/SC,1,0,1,1,0
291,Apartamento 1 Quarto Vila Operária 40m²,516000.0,1,0,1,1,40,https://maximoveis.com.br/imovel/10325/apartamento-1-quarto-atmos-sky-vila-operaria-itajai/,-26.912963,-48.6713888,"Rua Carlos Seara, 746",Vila Operária,Itajaí/SC,1,0,1,1,1
293,Apartamento 2 Quartos São João 71m²,524703.05,2,1,2,1,71,https://maximoveis.com.br/imovel/10047/apartamento-2-quartos-jardins-de-burle-marx-sao-joao-itajai/,-26.9021362,-48.6844871,"Rua José Pereira Liberato, 1320",São João,Itajaí/SC,1,0,1,1,1
294,Apartamento 2 Quartos Praia Brava 61m²,870000.0,2,1,2,2,61,https://maximoveis.com.br/imovel/12596/apartamento-2-quartos-north-brava-praia-brava-itajai/,-26.9555314,-48.6437829,"Rua Suécia, 421",Praia Brava,Itajaí/SC,1,0,1,1,1
296,Apartamento 3 Quartos Centro 104m²,1052000.0,3,1,3,2,104,https://maximoveis.com.br/imovel/10071/apartamento-3-quartos-monte-solaro-centro-itajai/,-26.9159496,-48.6592326,"Rua Uruguai, 716",Centro,Itajaí/SC,1,0,1,1,1
297,Apartamento 3 Quartos Fazenda 122m²,1047882.41,3,3,4,2,122,https://maximoveis.com.br/imovel/12482/apartamento-3-quartos-provincia-di-salerno-fazenda-itajai/,-26.9320161,-48.6457998,"Rua José Correia, 199",Fazenda,Itajaí/SC,1,0,1,0,1
301,Apartamento 2 Quartos Praia Brava 65m²,850000.0,2,1,2,1,65,https://maximoveis.com.br/imovel/12107/apartamento-2-quartos-privilege-residence-praia-brava-itajai/,-26.9549503,-48.6432367,"Rua Suécia, 286",Praia Brava,Itajaí/SC,1,0,1,1,1
305,Apartamento 2 Quartos Itaipava 44m²,220000.0,2,0,1,1,44,https://maximoveis.com.br/imovel/12710/apartamento-2-quartos-luna-bella-itaipava-itajai/,-26.9434091,-48.7474332,"Rua Maria De Souza Gonçalves, 38",Itaipava,Itajaí/SC,1,0,0,1,0
306,Apartamento 3 Quartos Praia Brava 126m²,2900000.0,3,3,4,2,126,https://maximoveis.com.br/imovel/11945/apartamento-3-quartos-riva-praia-brava-itajai/,-26.9540923,-48.63145220000001,"Rua Delfim Mário Pádua Peixoto, 1540",Praia Brava,Itajaí/SC,1,1,1,1,1
309,Apartamento 2 Quartos Fazenda 86m²,1052982.98,2,2,3,1,86,https://maximoveis.com.br/imovel/12767/apartamento-2-quartos-fazenda-garden-fazenda-itajai/,-26.9200291,-48.6532217,"Avenida Sete De Setembro, 1657",Fazenda,Itajaí/SC,1,0,1,1,1
311,Apartamento 4 Quartos Centro 255m²,2450000.0,4,3,4,2,255,https://maximoveis.com.br/imovel/4244/apartamento-4-quartos-delta-um-centro-itajai/,-26.9082542,-48.655151899999964,"Rua Lauro Muller, 360",Centro,Itajaí/SC,0,0,0,0,0
314,Apartamento 1 Quarto Praia Brava 69m²,800000.0,1,1,1,2,69,https://maximoveis.com.br/imovel/1679/apartamento-1-quarto-maxhaus-praia-brava-praia-brava-itajai/,-26.9398695,-48.6415507,"Rodovia Osvaldo Reis, 2000",Praia Brava,Itajaí/SC,1,0,1,1,1
315,Apartamento 2 Quartos Centro 76m²,720000.0,2,2,3,1,76,https://maximoveis.com.br/imovel/10498/apartamento-2-quartos-maiori-centro-itajai/,-26.9147098,-48.6655161,"Rua Juvenal Garcia, 400",Centro,Itajaí/SC,1,1,1,1,1
316,Apartamento 3 Quartos Fazendinha 162m²,2642358.97,3,3,4,2,162,https://maximoveis.com.br/imovel/10759/apartamento-3-quartos-artefacto-towers-fazendinha-itajai/,-26.9530755,-48.6405651,"Avenida Osvaldo Reis, 3334",Fazendinha,Itajaí/SC,1,0,1,1,1
317,Apartamento 2 Quartos Dom Bosco 73m²,575000.0,2,2,3,1,73,https://maximoveis.com.br/imovel/10776/apartamento-2-quartos-lago-di-lucerna-dom-bosco-itajai/,-26.9199902,-48.6809755,"Rua Esperidião Graciliano Da Silva, 298",Dom Bosco,Itajaí/SC,1,0,1,1,1
319,Apartamento 3 Quartos Praia Brava 163m²,3300000.0,3,3,4,3,163,https://maximoveis.com.br/imovel/9390/apartamento-3-quartos-riva-praia-brava-itajai/,-26.9540923,-48.63145220000001,"Rua Delfim Mário Pádua Peixoto, 1540",Praia Brava,Itajaí/SC,1,1,1,1,1
320,Apartamento 2 Quartos Itaipava 44m²,210000.0,2,0,1,1,44,https://maximoveis.com.br/imovel/12706/apartamento-2-quartos-luna-bella-itaipava-itajai/,-26.9434091,-48.7474332,"Rua Maria De Souza Gonçalves, 38",Itaipava,Itajaí/SC,1,0,0,1,0
322,Apartamento 3 Quartos Centro 155m²,2919000.0,3,3,4,3,155,https://maximoveis.com.br/imovel/8835/apartamento-3-quartos-marechiaro-residencial-centro-itajai/,-26.9098664,-48.6548531,"Rua Lauro Muller, 538",Centro,Itajaí/SC,1,0,1,1,1
323,Apartamento 3 Quartos Centro 155m²,2738000.0,3,3,4,3,155,https://maximoveis.com.br/imovel/8830/apartamento-3-quartos-marechiaro-residencial-centro-itajai/,-26.9098664,-48.6548531,"Rua Lauro Muller, 538",Centro,Itajaí/SC,1,0,1,1,1
324,Apartamento 2 Quartos Vila Operária 146m²,706433.0,2,0,3,1,146,https://maximoveis.com.br/imovel/12915/apartamento-2-quartos-urban-side-vila-operaria-itajai/,-26.914269,-48.67051739999999,"Avenida José Eugênio Muller, 1279",Vila Operária,Itajaí/SC,1,0,1,1,0
327,Apartamento 2 Quartos Itaipava 44m²,220000.0,2,0,1,1,44,https://maximoveis.com.br/imovel/12691/apartamento-2-quartos-luna-bella-itaipava-itajai/,-26.9434091,-48.7474332,"Rua Maria De Souza Gonçalves, 38",Itaipava,Itajaí/SC,1,0,0,1,0
328,Apartamento 3 Quartos Vila Operária 96m²,600000.0,3,1,1,1,96,https://maximoveis.com.br/imovel/4179/apartamento-3-quartos-edificio-residencial-fernanda-e-daniel-vila-operaria-itajai/,-26.9119798,-48.67134179999999,"Rua Carlos Seara, 650",Vila Operária,Itajaí/SC,1,0,1,1,0
329,Apartamento 3 Quartos Fazenda 142m²,2027760.0,3,3,4,2,142,https://maximoveis.com.br/imovel/12769/apartamento-3-quartos-fazenda-garden-fazenda-itajai/,-26.9200291,-48.6532217,"Avenida Sete De Setembro, 1657",Fazenda,Itajaí/SC,1,0,1,1,1
332,Apartamento 3 Quartos Vila Operária 117m²,975734.95,3,3,3,2,117,https://maximoveis.com.br/imovel/12480/apartamento-3-quartos-genesis-residence-vila-operaria-itajai/,-26.9127838,-48.67177119999999,"Rua Carlos Seara, 713",Vila Operária,Itajaí/SC,0,0,1,1,1
334,Apartamento 2 Quartos Praia Brava 56m²,748000.0,2,1,2,2,56,https://maximoveis.com.br/imovel/10717/apartamento-2-quartos-soul-brava-praia-brava-itajai/,-26.95522,-48.644251,"Rua Suécia, 371",Praia Brava,Itajaí/SC,1,1,1,1,1
335,Apartamento 3 Quartos Centro 155m²,2900000.0,3,3,4,3,155,https://maximoveis.com.br/imovel/7884/apartamento-3-quartos-marechiaro-residencial-centro-itajai/,,,"Rua Lauro Muller, 538",Centro,Itajaí/SC,1,0,1,1,1
336,Apartamento 2 Quartos Fazenda 65m²,649292.08,2,1,2,1,65,https://maximoveis.com.br/imovel/12729/apartamento-2-quartos-luminares-residence-fazenda-itajai/,-26.9273027,-48.6546086,"Rua Manoel Bernardo Da Silva, 345",Fazenda,Itajaí/SC,1,0,1,1,1
337,Apartamento 3 Quartos Praia Brava 120m²,1750000.0,3,3,4,2,120,https://maximoveis.com.br/imovel/12428/apartamento-3-quartos-torres-da-brava-praia-brava-itajai/,-26.9441085,-48.6387303,"Avenida Rua Luci Canziani, 200",Praia Brava,Itajaí/SC,1,1,1,1,1
338,Apartamento 2 Quartos Praia Brava 77m²,972146.77,2,1,2,1,77,https://maximoveis.com.br/imovel/12476/apartamento-2-quartos-brava-park-residence-praia-brava-itajai/,-26.9441396,-48.64138639999999,"Rua Laura Dos Santos Laurindo, 101",Praia Brava,Itajaí/SC,1,0,1,1,1
340,Apartamento 3 Quartos Fazenda 91m²,949620.41,3,1,3,2,91,https://maximoveis.com.br/imovel/12731/apartamento-3-quartos-luminares-residence-fazenda-itajai/,-26.9273027,-48.6546086,"Rua Manoel Bernardo Da Silva, 345",Fazenda,Itajaí/SC,1,0,1,1,1
342,Apartamento 3 Quartos Praia Brava 125m²,2350000.0,3,3,4,2,125,https://maximoveis.com.br/imovel/10688/apartamento-3-quartos-residencial-dusseldorf-praia-brava-itajai/,-26.9529509,-48.634561,"Rua Conselheiro Júlio Kumm, 563",Praia Brava,Itajaí/SC,1,0,1,1,0
343,Apartamento 2 Quartos Praia Brava 75m²,1200000.0,2,2,3,1,75,https://maximoveis.com.br/imovel/12328/apartamento-2-quartos-torres-da-brava-praia-brava-itajai/,-26.9441106,-48.6387048,"Avenida Rua Luci Canziani, 200",Praia Brava,Itajaí/SC,1,1,1,1,1
346,Apartamento 1 Quarto Balneário Santa Clara 54m²,712000.0,1,0,1,1,54,https://maximoveis.com.br/imovel/11308/apartamento-1-quarto-manu-bay-balneario-santa-clara-itajai/,-26.9541917,-48.64219689999999,"Rua Aririba, 163",Balneário Santa Clara,Itajaí/SC,1,1,1,1,1
347,Apartamento 2 Quartos São João 71m²,561965.05,2,1,2,1,71,https://maximoveis.com.br/imovel/11175/apartamento-2-quartos-garden-club-sao-joao-itajai/,-26.9011733,-48.6739564,"Rua João Ladislau Tabalipa, 455",São João,Itajaí/SC,1,1,1,1,1
348,Apartamento 2 Quartos Fazenda 74m²,728038.3,2,2,3,1,74,https://maximoveis.com.br/imovel/12730/apartamento-2-quartos-luminares-residence-fazenda-itajai/,-26.9273027,-48.6546086,"Rua Manoel Bernardo Da Silva, 345",Fazenda,Itajaí/SC,1,0,1,1,1
349,Apartamento 2 Quartos Centro 86m²,1100000.0,2,2,3,1,86,https://maximoveis.com.br/imovel/12762/apartamento-2-quartos-space-soul-centro-itajai/,-26.9038511,-48.6587437,"Rua Samuel Heusi, 149",Centro,Itajaí/SC,1,0,1,1,1
350,Apartamento 2 Quartos Praia Brava 59m²,765000.0,2,1,2,1,59,https://maximoveis.com.br/imovel/10716/apartamento-2-quartos-soul-brava-praia-brava-itajai/,-26.95522,-48.644251,"Rua Suécia, 371",Praia Brava,Itajaí/SC,1,1,1,1,1
352,Apartamento 3 Quartos Centro 104m²,1089000.0,3,1,3,2,104,https://maximoveis.com.br/imovel/10065/apartamento-3-quartos-monte-solaro-centro-itajai/,-26.9159496,-48.6592326,"Rua Uruguai, 716",Centro,Itajaí/SC,1,0,1,1,1
353,Apartamento 3 Quartos Centro 148m²,2398252.27,3,3,5,3,148,https://maximoveis.com.br/imovel/10526/apartamento-3-quartos-volpi-centro-itajai/,-26.9130219,-48.6610747,"Avenida Joca Brandão, 231",Centro,Itajaí/SC,1,1,1,1,1
354,Apartamento 3 Quartos Centro 155m²,2828000.0,3,3,4,3,155,https://maximoveis.com.br/imovel/8828/apartamento-3-quartos-marechiaro-residencial-centro-itajai/,-26.9098664,-48.6548531,"Rua Lauro Muller, 538",Centro,Itajaí/SC,1,0,1,1,1
356,Apartamento 2 Quartos Centro 80m²,877093.12,2,2,2,1,80,https://maximoveis.com.br/imovel/6228/apartamento-2-quartos-lottus-residence-centro-itajai/,-26.906686,-48.66756190000001,"Rua Pereira Neto, 189",Centro,Itajaí/SC,1,0,1,1,1
357,Apartamento 3 Quartos Dom Bosco 79m²,752536.84,3,1,2,2,79,https://maximoveis.com.br/imovel/8993/apartamento-3-quartos-mabrem-san-marino-dom-bosco-itajai/,-26.9169583,-48.67202690000001,"Rua Ulisses Machado Dutra, 78",Dom Bosco,Itajaí/SC,1,0,1,1,1
358,Apartamento 2 Quartos Fazenda 73m²,857029.96,2,2,3,1,73,https://maximoveis.com.br/imovel/5956/apartamento-2-quartos-lago-moraine-fazenda-itajai/,-26.9252796,-48.6492404,"Rua João Wollinger, 91",Fazenda,Itajaí/SC,1,0,1,1,1
362,Apartamento 3 Quartos Praia Brava 88m²,1350000.0,3,1,3,2,88,https://maximoveis.com.br/imovel/11835/apartamento-3-quartos-torres-da-brava-praia-brava-itajai/,-26.9441106,-48.6387048,"Avenida Rua Luci Canziani, 200",Praia Brava,Itajaí/SC,1,1,1,1,1
363,Apartamento 2 Quartos Praia Brava 82m²,1250000.0,2,2,3,1,82,https://maximoveis.com.br/imovel/11836/apartamento-2-quartos-torres-da-brava-praia-brava-itajai/,-26.9441106,-48.6387048,"Avenida Rua Luci Canziani, 200",Praia Brava,Itajaí/SC,1,1,1,1,1
368,Apartamento 2 Quartos Fazenda 75m²,796584.09,2,2,3,1,75,https://maximoveis.com.br/imovel/12728/apartamento-2-quartos-luminares-residence-fazenda-itajai/,-26.9273027,-48.6546086,"Rua Manoel Bernardo Da Silva, 345",Fazenda,Itajaí/SC,1,0,1,1,1
372,Apartamento 2 Quartos Balneário Santa Clara 93m²,1580000.0,2,2,3,2,93,https://maximoveis.com.br/imovel/12894/apartamento-2-quartos-brava-ocean-balneario-santa-clara-itajai/,-26.9458586,-48.6426472,"Rua Cabo-Polícia Militar Antônio Rudolf, 155",Balneário Santa Clara,Itajaí/SC,1,0,1,1,1
373,Apartamento 3 Quartos Praia Brava 126m²,2950000.0,3,3,4,2,126,https://maximoveis.com.br/imovel/9374/apartamento-3-quartos-riva-praia-brava-itajai/,-26.9540923,-48.63145220000001,"Rua Delfim Mário Pádua Peixoto, 1540",Praia Brava,Itajaí/SC,1,1,1,1,1
375,Apartamento 3 Quartos Praia Brava 98m²,2375016.41,3,1,3,3,98,https://maximoveis.com.br/imovel/8467/apartamento-3-quartos-privilege-brava-praia-brava-itajai/,-26.9590242,-48.6290432,"Rua Vergínia Ângelo Severino, 12",Praia Brava,Itajaí/SC,1,0,1,1,1
376,Apartamento 3 Quartos Balneário Santa Clara 115m²,1850000.0,3,1,3,2,115,https://maximoveis.com.br/imovel/12535/apartamento-3-quartos-leonardo-da-vinci.-balneario-santa-clara-itajai/,-26.9528734,-48.6346244,"Rua Conselheiro Júlio Kumm, 583",Balneário Santa Clara,Itajaí/SC,0,0,1,0,0
377,Apartamento 3 Quartos Fazenda 102m²,876098.4,3,1,3,2,102,https://maximoveis.com.br/imovel/12483/apartamento-3-quartos-provincia-di-salerno-fazenda-itajai/,-26.9320161,-48.6457998,"Rua José Correia, 199",Fazenda,Itajaí/SC,1,0,1,0,1
380,Apartamento 3 Quartos Centro 104m²,1033000.0,3,1,3,2,104,https://maximoveis.com.br/imovel/10069/apartamento-3-quartos-monte-solaro-centro-itajai/,-26.9159496,-48.6592326,"Rua Uruguai, 716",Centro,Itajaí/SC,1,0,1,1,1
381,Apartamento 3 Quartos Fazenda 93m²,928986.9,3,1,3,2,93,https://maximoveis.com.br/imovel/12727/apartamento-3-quartos-luminares-residence-fazenda-itajai/,-26.9273027,-48.6546086,"Rua Manoel Bernardo Da Silva, 345",Fazenda,Itajaí/SC,1,0,1,1,1
383,Apartamento 2 Quartos Praia Brava 71m²,913000.0,2,1,2,2,71,https://maximoveis.com.br/imovel/10718/apartamento-2-quartos-soul-brava-praia-brava-itajai/,-26.95522,-48.644251,"Rua Suécia, 371",Praia Brava,Itajaí/SC,1,1,1,1,1
384,Apartamento 3 Quartos Fazenda 118m²,1634182.0,3,3,4,2,118,https://maximoveis.com.br/imovel/12768/apartamento-3-quartos-fazenda-garden-fazenda-itajai/,-26.9200291,-48.6532217,"Avenida Sete De Setembro, 1657",Fazenda,Itajaí/SC,1,0,1,1,1
386,Apartamento 2 Quartos Fazenda 65m²,716739.11,2,1,2,1,65,https://maximoveis.com.br/imovel/12732/apartamento-2-quartos-luminares-residence-fazenda-itajai/,-26.9273027,-48.6546086,"Rua Manoel Bernardo Da Silva, 345",Fazenda,Itajaí/SC,1,0,1,1,1
387,Apartamento 3 Quartos Centro 155m²,2400000.0,3,3,5,3,155,https://maximoveis.com.br/imovel/7535/apartamento-3-quartos-marechiaro-residencial-centro-itajai/,-26.9098664,-48.6548531,"Rua Lauro Muller, 538",Centro,Itajaí/SC,1,0,1,1,1
388,Apartamento 2 Quartos Praia Brava 55m²,755000.0,2,1,1,1,55,https://maximoveis.com.br/imovel/9193/apartamento-2-quartos-soul-brava-praia-brava-itajai/,-26.95522,-48.644251,"Rua Suécia, 371",Praia Brava,Itajaí/SC,1,1,1,1,1
391,Apartamento 3 Quartos Fazendinha 193m²,3056529.06,3,3,4,2,193,https://maximoveis.com.br/imovel/10758/apartamento-3-quartos-artefacto-towers-fazendinha-itajai/,-26.9530755,-48.6405651,"Avenida Osvaldo Reis, 3334",Fazendinha,Itajaí/SC,1,0,1,1,1
394,Apartamento 3 Quartos Praia Brava 126m²,2713440.0,3,3,4,2,126,https://maximoveis.com.br/imovel/10692/apartamento-3-quartos-residencial-dusseldorf-praia-brava-itajai/,-26.9529509,-48.634561,"Rua Conselheiro Júlio Kumm, 563",Praia Brava,Itajaí/SC,1,0,1,1,0
398,Apartamento 2 Quartos Praia Brava 82m²,1342024.13,2,2,3,2,82,https://maximoveis.com.br/imovel/12475/apartamento-2-quartos-brava-park-residence-praia-brava-itajai/,-26.9441396,-48.64138639999999,"Rua Laura Dos Santos Laurindo, 101",Praia Brava,Itajaí/SC,1,0,1,1,1
